2026/07/30 23:27:50.561, 410, 23660
2026/07/30 23:27:50.761, 410, 23660
2026/07/30 23:27:50.961, 427, 23643
2026/07/30 23:27:51.162, 769, 23301
2026/07/30 23:27:51.362, 769, 23301
2026/07/30 23:27:51.562, 769, 23301
2026/07/30 23:27:51.762, 769, 23301
2026/07/30 23:27:51.962, 769, 23301
2026/07/30 23:27:52.162, 769, 23301
2026/07/30 23:27:52.363, 769, 23301
2026/07/30 23:27:52.563, 769, 23301
2026/07/30 23:27:52.763, 769, 23301
2026/07/30 23:27:52.963, 769, 23301
2026/07/30 23:27:53.165, 769, 23301
2026/07/30 23:27:53.365, 769, 23301
2026/07/30 23:27:53.565, 769, 23301
2026/07/30 23:27:53.766, 769, 23301
2026/07/30 23:27:53.966, 769, 23301
2026/07/30 23:27:54.166, 769, 23301
2026/07/30 23:27:54.366, 769, 23301
2026/07/30 23:27:54.566, 769, 23301
2026/07/30 23:27:54.766, 769, 23301
2026/07/30 23:27:54.967, 769, 23301
2026/07/30 23:27:55.167, 769, 23301
2026/07/30 23:27:55.367, 769, 23301
2026/07/30 23:27:55.567, 769, 23301
2026/07/30 23:27:55.767, 769, 23301
2026/07/30 23:27:55.967, 769, 23301
2026/07/30 23:27:56.167, 769, 23301
2026/07/30 23:27:56.368, 769, 23301
2026/07/30 23:27:56.568, 769, 23301
2026/07/30 23:27:56.768, 769, 23301
2026/07/30 23:27:56.968, 769, 23301
2026/07/30 23:27:57.168, 769, 23301
2026/07/30 23:27:57.368, 769, 23301
2026/07/30 23:27:57.568, 769, 23301
2026/07/30 23:27:57.769, 769, 23301
2026/07/30 23:27:57.969, 769, 23301
2026/07/30 23:27:58.169, 769, 23301
2026/07/30 23:27:58.369, 769, 23301
2026/07/30 23:27:58.569, 769, 23301
2026/07/30 23:27:58.769, 769, 23301
2026/07/30 23:27:58.969, 769, 23301
2026/07/30 23:27:59.169, 769, 23301
2026/07/30 23:27:59.370, 769, 23301
2026/07/30 23:27:59.570, 769, 23301
2026/07/30 23:27:59.770, 769, 23301
2026/07/30 23:27:59.970, 769, 23301
2026/07/30 23:28:00.170, 769, 23301
2026/07/30 23:28:00.370, 769, 23301
2026/07/30 23:28:00.570, 769, 23301
2026/07/30 23:28:00.770, 769, 23301
2026/07/30 23:28:00.970, 769, 23301
2026/07/30 23:28:01.170, 769, 23301
2026/07/30 23:28:01.371, 769, 23301
2026/07/30 23:28:01.571, 769, 23301
2026/07/30 23:28:01.771, 769, 23301
2026/07/30 23:28:01.971, 769, 23301
2026/07/30 23:28:02.171, 769, 23301
2026/07/30 23:28:02.371, 769, 23301
2026/07/30 23:28:02.571, 769, 23301
2026/07/30 23:28:02.772, 769, 23301
2026/07/30 23:28:02.972, 769, 23301
2026/07/30 23:28:03.172, 769, 23301
2026/07/30 23:28:03.372, 769, 23301
2026/07/30 23:28:03.572, 769, 23301
2026/07/30 23:28:03.773, 769, 23301
2026/07/30 23:28:03.973, 769, 23301
2026/07/30 23:28:04.173, 769, 23301
2026/07/30 23:28:04.373, 769, 23301
2026/07/30 23:28:04.573, 769, 23301
2026/07/30 23:28:04.774, 769, 23301
2026/07/30 23:28:04.974, 769, 23301
2026/07/30 23:28:05.174, 769, 23301
2026/07/30 23:28:05.374, 769, 23301
2026/07/30 23:28:05.574, 769, 23301
2026/07/30 23:28:05.774, 769, 23301
2026/07/30 23:28:05.974, 769, 23301
2026/07/30 23:28:06.174, 769, 23301
2026/07/30 23:28:06.374, 769, 23301
2026/07/30 23:28:06.575, 769, 23301
2026/07/30 23:28:06.775, 769, 23301
2026/07/30 23:28:06.975, 769, 23301
2026/07/30 23:28:07.175, 769, 23301
2026/07/30 23:28:07.376, 769, 23301
2026/07/30 23:28:07.576, 769, 23301
2026/07/30 23:28:07.777, 769, 23301
2026/07/30 23:28:07.977, 769, 23301
2026/07/30 23:28:08.177, 769, 23301
2026/07/30 23:28:08.377, 769, 23301
2026/07/30 23:28:08.577, 769, 23301
2026/07/30 23:28:08.778, 769, 23301
2026/07/30 23:28:08.978, 769, 23301
2026/07/30 23:28:09.178, 769, 23301
2026/07/30 23:28:09.378, 769, 23301
2026/07/30 23:28:09.578, 769, 23301
2026/07/30 23:28:09.779, 769, 23301
2026/07/30 23:28:09.979, 769, 23301
2026/07/30 23:28:10.179, 769, 23301
2026/07/30 23:28:10.379, 769, 23301
2026/07/30 23:28:10.580, 769, 23301
2026/07/30 23:28:10.780, 769, 23301
2026/07/30 23:28:10.980, 769, 23301
2026/07/30 23:28:11.180, 769, 23301
2026/07/30 23:28:11.380, 769, 23301
2026/07/30 23:28:11.581, 769, 23301
2026/07/30 23:28:11.781, 769, 23301
2026/07/30 23:28:11.981, 769, 23301
2026/07/30 23:28:12.181, 769, 23301
2026/07/30 23:28:12.381, 769, 23301
2026/07/30 23:28:12.581, 769, 23301
2026/07/30 23:28:12.782, 769, 23301
2026/07/30 23:28:12.982, 769, 23301
2026/07/30 23:28:13.182, 769, 23301
2026/07/30 23:28:13.382, 769, 23301
2026/07/30 23:28:13.583, 769, 23301
2026/07/30 23:28:13.783, 769, 23301
2026/07/30 23:28:13.983, 769, 23301
2026/07/30 23:28:14.183, 769, 23301
2026/07/30 23:28:14.383, 769, 23301
2026/07/30 23:28:14.583, 769, 23301
2026/07/30 23:28:14.784, 769, 23301
2026/07/30 23:28:14.984, 769, 23301
2026/07/30 23:28:15.184, 769, 23301
2026/07/30 23:28:15.384, 769, 23301
2026/07/30 23:28:15.584, 769, 23301
2026/07/30 23:28:15.784, 769, 23301
2026/07/30 23:28:15.985, 769, 23301
2026/07/30 23:28:16.185, 769, 23301
2026/07/30 23:28:16.385, 769, 23301
2026/07/30 23:28:16.585, 769, 23301
2026/07/30 23:28:16.785, 769, 23301
2026/07/30 23:28:16.986, 769, 23301
2026/07/30 23:28:17.189, 769, 23301
2026/07/30 23:28:17.389, 769, 23301
2026/07/30 23:28:17.589, 769, 23301
2026/07/30 23:28:17.789, 769, 23301
2026/07/30 23:28:17.989, 769, 23301
2026/07/30 23:28:18.189, 769, 23301
2026/07/30 23:28:18.390, 769, 23301
2026/07/30 23:28:18.590, 769, 23301
2026/07/30 23:28:18.790, 769, 23301
2026/07/30 23:28:18.990, 769, 23301
2026/07/30 23:28:19.190, 769, 23301
2026/07/30 23:28:19.391, 769, 23301
2026/07/30 23:28:19.591, 769, 23301
2026/07/30 23:28:19.791, 769, 23301
2026/07/30 23:28:19.991, 769, 23301
2026/07/30 23:28:20.191, 769, 23301
2026/07/30 23:28:20.392, 769, 23301
2026/07/30 23:28:20.592, 769, 23301
2026/07/30 23:28:20.792, 769, 23301
2026/07/30 23:28:20.992, 769, 23301
2026/07/30 23:28:21.192, 769, 23301
2026/07/30 23:28:21.393, 769, 23301
2026/07/30 23:28:21.593, 769, 23301
2026/07/30 23:28:21.793, 769, 23301
2026/07/30 23:28:21.993, 769, 23301
2026/07/30 23:28:22.193, 769, 23301
2026/07/30 23:28:22.393, 769, 23301
2026/07/30 23:28:22.594, 769, 23301
2026/07/30 23:28:22.794, 769, 23301
2026/07/30 23:28:22.994, 769, 23301
2026/07/30 23:28:23.194, 769, 23301
2026/07/30 23:28:23.394, 769, 23301
2026/07/30 23:28:23.594, 769, 23301
2026/07/30 23:28:23.795, 769, 23301
2026/07/30 23:28:23.995, 769, 23301
2026/07/30 23:28:24.195, 769, 23301
2026/07/30 23:28:24.395, 769, 23301
2026/07/30 23:28:24.595, 769, 23301
2026/07/30 23:28:24.795, 769, 23301
2026/07/30 23:28:24.996, 769, 23301
2026/07/30 23:28:25.196, 769, 23301
2026/07/30 23:28:25.398, 769, 23301
2026/07/30 23:28:25.598, 769, 23301
2026/07/30 23:28:25.798, 769, 23301
2026/07/30 23:28:25.998, 769, 23301
2026/07/30 23:28:26.198, 769, 23301
2026/07/30 23:28:26.398, 769, 23301
2026/07/30 23:28:26.599, 769, 23301
2026/07/30 23:28:26.799, 769, 23301
2026/07/30 23:28:26.999, 769, 23301
2026/07/30 23:28:27.199, 769, 23301
2026/07/30 23:28:27.399, 769, 23301
2026/07/30 23:28:27.599, 769, 23301
2026/07/30 23:28:27.799, 769, 23301
2026/07/30 23:28:27.999, 769, 23301
2026/07/30 23:28:28.200, 769, 23301
2026/07/30 23:28:28.400, 769, 23301
2026/07/30 23:28:28.600, 769, 23301
2026/07/30 23:28:28.800, 769, 23301
2026/07/30 23:28:29.000, 769, 23301
2026/07/30 23:28:29.200, 769, 23301
2026/07/30 23:28:29.400, 769, 23301
2026/07/30 23:28:29.600, 769, 23301
2026/07/30 23:28:29.801, 769, 23301
2026/07/30 23:28:30.001, 769, 23301
2026/07/30 23:28:30.201, 769, 23301
2026/07/30 23:28:30.401, 769, 23301
2026/07/30 23:28:30.601, 769, 23301
2026/07/30 23:28:30.801, 769, 23301
2026/07/30 23:28:31.001, 769, 23301
2026/07/30 23:28:31.201, 769, 23301
2026/07/30 23:28:31.401, 769, 23301
2026/07/30 23:28:31.601, 769, 23301
2026/07/30 23:28:31.802, 769, 23301
2026/07/30 23:28:32.002, 769, 23301
2026/07/30 23:28:32.202, 769, 23301
2026/07/30 23:28:32.402, 769, 23301
2026/07/30 23:28:32.602, 769, 23301
2026/07/30 23:28:32.802, 769, 23301
2026/07/30 23:28:33.002, 769, 23301
2026/07/30 23:28:33.202, 769, 23301
2026/07/30 23:28:33.403, 769, 23301
2026/07/30 23:28:33.603, 769, 23301
2026/07/30 23:28:33.803, 769, 23301
2026/07/30 23:28:34.003, 769, 23301
2026/07/30 23:28:34.203, 769, 23301
2026/07/30 23:28:34.403, 769, 23301
2026/07/30 23:28:34.603, 769, 23301
2026/07/30 23:28:34.803, 769, 23301
2026/07/30 23:28:35.003, 769, 23301
2026/07/30 23:28:35.204, 769, 23301
2026/07/30 23:28:35.404, 769, 23301
2026/07/30 23:28:35.604, 769, 23301
2026/07/30 23:28:35.804, 769, 23301
2026/07/30 23:28:36.004, 769, 23301
2026/07/30 23:28:36.204, 769, 23301
2026/07/30 23:28:36.405, 769, 23301
2026/07/30 23:28:36.605, 769, 23301
2026/07/30 23:28:36.805, 769, 23301
2026/07/30 23:28:37.005, 769, 23301
2026/07/30 23:28:37.205, 769, 23301
2026/07/30 23:28:37.405, 769, 23301
2026/07/30 23:28:37.606, 769, 23301
2026/07/30 23:28:37.806, 769, 23301
2026/07/30 23:28:38.006, 769, 23301
2026/07/30 23:28:38.206, 769, 23301
2026/07/30 23:28:38.406, 769, 23301
2026/07/30 23:28:38.606, 769, 23301
2026/07/30 23:28:38.806, 769, 23301
2026/07/30 23:28:39.006, 769, 23301
2026/07/30 23:28:39.207, 769, 23301
2026/07/30 23:28:39.407, 769, 23301
2026/07/30 23:28:39.607, 769, 23301
2026/07/30 23:28:39.807, 769, 23301
2026/07/30 23:28:40.007, 769, 23301
2026/07/30 23:28:40.207, 769, 23301
2026/07/30 23:28:40.407, 769, 23301
2026/07/30 23:28:40.608, 769, 23301
2026/07/30 23:28:40.808, 769, 23301
2026/07/30 23:28:41.008, 769, 23301
2026/07/30 23:28:41.208, 769, 23301
2026/07/30 23:28:41.408, 769, 23301
2026/07/30 23:28:41.608, 769, 23301
2026/07/30 23:28:41.809, 769, 23301
2026/07/30 23:28:42.009, 769, 23301
2026/07/30 23:28:42.209, 769, 23301
2026/07/30 23:28:42.409, 769, 23301
2026/07/30 23:28:42.609, 769, 23301
2026/07/30 23:28:42.812, 769, 23301
2026/07/30 23:28:43.012, 769, 23301
2026/07/30 23:28:43.212, 769, 23301
2026/07/30 23:28:43.412, 769, 23301
2026/07/30 23:28:43.612, 769, 23301
2026/07/30 23:28:43.812, 769, 23301
2026/07/30 23:28:44.013, 769, 23301
2026/07/30 23:28:44.213, 769, 23301
2026/07/30 23:28:44.413, 769, 23301
2026/07/30 23:28:44.613, 769, 23301
2026/07/30 23:28:44.813, 769, 23301
2026/07/30 23:28:45.013, 769, 23301
2026/07/30 23:28:45.213, 769, 23301
2026/07/30 23:28:45.413, 769, 23301
2026/07/30 23:28:45.613, 769, 23301
2026/07/30 23:28:45.813, 769, 23301
2026/07/30 23:28:46.014, 769, 23301
2026/07/30 23:28:46.214, 769, 23301
2026/07/30 23:28:46.414, 769, 23301
2026/07/30 23:28:46.614, 769, 23301
2026/07/30 23:28:46.814, 769, 23301
2026/07/30 23:28:47.014, 769, 23301
2026/07/30 23:28:47.215, 769, 23301
2026/07/30 23:28:47.415, 769, 23301
2026/07/30 23:28:47.615, 769, 23301
2026/07/30 23:28:47.815, 769, 23301
2026/07/30 23:28:48.015, 769, 23301
2026/07/30 23:28:48.215, 769, 23301
2026/07/30 23:28:48.415, 769, 23301
2026/07/30 23:28:48.615, 769, 23301
2026/07/30 23:28:48.815, 769, 23301
2026/07/30 23:28:49.016, 769, 23301
2026/07/30 23:28:49.216, 769, 23301
2026/07/30 23:28:49.416, 769, 23301
2026/07/30 23:28:49.616, 769, 23301
2026/07/30 23:28:49.816, 769, 23301
2026/07/30 23:28:50.016, 769, 23301
2026/07/30 23:28:50.216, 769, 23301
2026/07/30 23:28:50.416, 769, 23301
2026/07/30 23:28:50.616, 769, 23301
2026/07/30 23:28:50.817, 769, 23301
2026/07/30 23:28:51.017, 769, 23301
2026/07/30 23:28:51.217, 769, 23301
2026/07/30 23:28:51.417, 769, 23301
2026/07/30 23:28:51.617, 769, 23301
2026/07/30 23:28:51.817, 769, 23301
2026/07/30 23:28:52.017, 769, 23301
2026/07/30 23:28:52.217, 769, 23301
2026/07/30 23:28:52.418, 769, 23301
2026/07/30 23:28:52.618, 769, 23301
2026/07/30 23:28:52.818, 769, 23301
2026/07/30 23:28:53.018, 769, 23301
2026/07/30 23:28:53.218, 769, 23301
2026/07/30 23:28:53.418, 769, 23301
2026/07/30 23:28:53.618, 769, 23301
2026/07/30 23:28:53.819, 769, 23301
2026/07/30 23:28:54.019, 769, 23301
2026/07/30 23:28:54.219, 769, 23301
2026/07/30 23:28:54.419, 769, 23301
2026/07/30 23:28:54.619, 769, 23301
2026/07/30 23:28:54.819, 769, 23301
2026/07/30 23:28:55.020, 769, 23301
2026/07/30 23:28:55.220, 769, 23301
2026/07/30 23:28:55.420, 769, 23301
2026/07/30 23:28:55.620, 769, 23301
2026/07/30 23:28:55.820, 769, 23301
2026/07/30 23:28:56.021, 769, 23301
2026/07/30 23:28:56.221, 769, 23301
2026/07/30 23:28:56.421, 769, 23301
2026/07/30 23:28:56.621, 769, 23301
2026/07/30 23:28:56.821, 769, 23301
2026/07/30 23:28:57.021, 769, 23301
2026/07/30 23:28:57.221, 769, 23301
2026/07/30 23:28:57.421, 769, 23301
2026/07/30 23:28:57.622, 769, 23301
2026/07/30 23:28:57.822, 769, 23301
2026/07/30 23:28:58.022, 769, 23301
2026/07/30 23:28:58.222, 769, 23301
2026/07/30 23:28:58.422, 769, 23301
2026/07/30 23:28:58.622, 769, 23301
2026/07/30 23:28:58.822, 769, 23301
2026/07/30 23:28:59.023, 769, 23301
2026/07/30 23:28:59.223, 769, 23301
2026/07/30 23:28:59.423, 769, 23301
2026/07/30 23:28:59.623, 769, 23301
2026/07/30 23:28:59.823, 769, 23301
2026/07/30 23:29:00.023, 769, 23301
2026/07/30 23:29:00.223, 769, 23301
2026/07/30 23:29:00.423, 769, 23301
2026/07/30 23:29:00.624, 769, 23301
2026/07/30 23:29:00.824, 769, 23301
2026/07/30 23:29:01.024, 769, 23301
2026/07/30 23:29:01.224, 769, 23301
2026/07/30 23:29:01.424, 769, 23301
2026/07/30 23:29:01.624, 769, 23301
2026/07/30 23:29:01.824, 769, 23301
2026/07/30 23:29:02.024, 769, 23301
2026/07/30 23:29:02.225, 769, 23301
2026/07/30 23:29:02.426, 769, 23301
2026/07/30 23:29:02.626, 769, 23301
2026/07/30 23:29:02.826, 769, 23301
2026/07/30 23:29:03.026, 769, 23301
2026/07/30 23:29:03.227, 769, 23301
2026/07/30 23:29:03.427, 769, 23301
2026/07/30 23:29:03.627, 769, 23301
2026/07/30 23:29:03.827, 769, 23301
2026/07/30 23:29:04.027, 769, 23301
2026/07/30 23:29:04.227, 769, 23301
2026/07/30 23:29:04.427, 769, 23301
2026/07/30 23:29:04.628, 769, 23301
2026/07/30 23:29:04.828, 769, 23301
2026/07/30 23:29:05.028, 769, 23301
2026/07/30 23:29:05.228, 769, 23301
2026/07/30 23:29:05.428, 769, 23301
2026/07/30 23:29:05.628, 769, 23301
2026/07/30 23:29:05.829, 769, 23301
2026/07/30 23:29:06.029, 769, 23301
2026/07/30 23:29:06.229, 769, 23301
2026/07/30 23:29:06.429, 769, 23301
2026/07/30 23:29:06.629, 769, 23301
2026/07/30 23:29:06.829, 769, 23301
2026/07/30 23:29:07.029, 769, 23301
2026/07/30 23:29:07.229, 769, 23301
2026/07/30 23:29:07.430, 769, 23301
2026/07/30 23:29:07.630, 769, 23301
2026/07/30 23:29:07.830, 769, 23301
2026/07/30 23:29:08.030, 769, 23301
2026/07/30 23:29:08.230, 769, 23301
2026/07/30 23:29:08.431, 769, 23301
2026/07/30 23:29:08.631, 769, 23301
2026/07/30 23:29:08.831, 769, 23301
2026/07/30 23:29:09.031, 769, 23301
2026/07/30 23:29:09.231, 769, 23301
2026/07/30 23:29:09.431, 769, 23301
2026/07/30 23:29:09.631, 769, 23301
2026/07/30 23:29:09.832, 769, 23301
2026/07/30 23:29:10.032, 769, 23301
2026/07/30 23:29:10.232, 769, 23301
2026/07/30 23:29:10.432, 769, 23301
2026/07/30 23:29:10.632, 769, 23301
2026/07/30 23:29:10.832, 769, 23301
2026/07/30 23:29:11.033, 769, 23301
2026/07/30 23:29:11.233, 769, 23301
2026/07/30 23:29:11.433, 769, 23301
2026/07/30 23:29:11.633, 769, 23301
2026/07/30 23:29:11.833, 769, 23301
2026/07/30 23:29:12.034, 769, 23301
2026/07/30 23:29:12.234, 769, 23301
2026/07/30 23:29:12.434, 769, 23301
2026/07/30 23:29:12.634, 769, 23301
2026/07/30 23:29:12.834, 769, 23301
2026/07/30 23:29:13.034, 769, 23301
2026/07/30 23:29:13.235, 769, 23301
2026/07/30 23:29:13.435, 769, 23301
2026/07/30 23:29:13.635, 769, 23301
2026/07/30 23:29:13.835, 769, 23301
2026/07/30 23:29:14.035, 769, 23301
2026/07/30 23:29:14.235, 769, 23301
2026/07/30 23:29:14.435, 769, 23301
2026/07/30 23:29:14.636, 769, 23301
2026/07/30 23:29:14.836, 769, 23301
2026/07/30 23:29:15.036, 769, 23301
2026/07/30 23:29:15.236, 769, 23301
2026/07/30 23:29:15.436, 769, 23301
2026/07/30 23:29:15.636, 769, 23301
2026/07/30 23:29:15.836, 769, 23301
2026/07/30 23:29:16.036, 769, 23301
2026/07/30 23:29:16.236, 769, 23301
2026/07/30 23:29:16.437, 769, 23301
2026/07/30 23:29:16.637, 769, 23301
2026/07/30 23:29:16.837, 769, 23301
2026/07/30 23:29:17.037, 769, 23301
2026/07/30 23:29:17.237, 769, 23301
2026/07/30 23:29:17.437, 769, 23301
2026/07/30 23:29:17.637, 769, 23301
2026/07/30 23:29:17.837, 769, 23301
2026/07/30 23:29:18.037, 769, 23301
2026/07/30 23:29:18.238, 769, 23301
2026/07/30 23:29:18.438, 769, 23301
2026/07/30 23:29:18.638, 769, 23301
2026/07/30 23:29:18.838, 769, 23301
2026/07/30 23:29:19.038, 769, 23301
2026/07/30 23:29:19.239, 769, 23301
2026/07/30 23:29:19.439, 769, 23301
2026/07/30 23:29:19.639, 769, 23301
2026/07/30 23:29:19.839, 769, 23301
2026/07/30 23:29:20.039, 769, 23301
2026/07/30 23:29:20.239, 769, 23301
2026/07/30 23:29:20.439, 769, 23301
2026/07/30 23:29:20.639, 769, 23301
2026/07/30 23:29:20.840, 769, 23301
2026/07/30 23:29:21.040, 769, 23301
2026/07/30 23:29:21.241, 769, 23301
2026/07/30 23:29:21.441, 769, 23301
2026/07/30 23:29:21.641, 769, 23301
2026/07/30 23:29:21.842, 769, 23301
2026/07/30 23:29:22.042, 769, 23301
2026/07/30 23:29:22.242, 769, 23301
2026/07/30 23:29:22.442, 769, 23301
2026/07/30 23:29:22.642, 769, 23301
2026/07/30 23:29:22.842, 769, 23301
2026/07/30 23:29:23.042, 769, 23301
2026/07/30 23:29:23.243, 769, 23301
2026/07/30 23:29:23.443, 769, 23301
2026/07/30 23:29:23.643, 769, 23301
2026/07/30 23:29:23.843, 769, 23301
2026/07/30 23:29:24.043, 769, 23301
2026/07/30 23:29:24.243, 769, 23301
2026/07/30 23:29:24.443, 769, 23301
2026/07/30 23:29:24.643, 769, 23301
2026/07/30 23:29:24.843, 769, 23301
2026/07/30 23:29:25.043, 769, 23301
2026/07/30 23:29:25.244, 769, 23301
2026/07/30 23:29:25.444, 769, 23301
2026/07/30 23:29:25.644, 769, 23301
2026/07/30 23:29:25.844, 769, 23301
2026/07/30 23:29:26.044, 769, 23301
2026/07/30 23:29:26.244, 769, 23301
2026/07/30 23:29:26.444, 769, 23301
2026/07/30 23:29:26.644, 769, 23301
2026/07/30 23:29:26.845, 769, 23301
2026/07/30 23:29:27.045, 769, 23301
2026/07/30 23:29:27.245, 769, 23301
2026/07/30 23:29:27.445, 769, 23301
2026/07/30 23:29:27.645, 769, 23301
2026/07/30 23:29:27.845, 769, 23301
2026/07/30 23:29:28.045, 769, 23301
2026/07/30 23:29:28.246, 769, 23301
2026/07/30 23:29:28.446, 769, 23301
2026/07/30 23:29:28.646, 769, 23301
2026/07/30 23:29:28.846, 769, 23301
2026/07/30 23:29:29.046, 769, 23301
2026/07/30 23:29:29.247, 769, 23301
2026/07/30 23:29:29.447, 769, 23301
2026/07/30 23:29:29.647, 769, 23301
2026/07/30 23:29:29.847, 769, 23301
2026/07/30 23:29:30.047, 769, 23301
2026/07/30 23:29:30.247, 769, 23301
2026/07/30 23:29:30.447, 769, 23301
2026/07/30 23:29:30.647, 769, 23301
2026/07/30 23:29:30.848, 769, 23301
2026/07/30 23:29:31.048, 769, 23301
2026/07/30 23:29:31.248, 769, 23301
2026/07/30 23:29:31.448, 769, 23301
2026/07/30 23:29:31.648, 769, 23301
2026/07/30 23:29:31.848, 769, 23301
2026/07/30 23:29:32.048, 769, 23301
2026/07/30 23:29:32.249, 769, 23301
2026/07/30 23:29:32.449, 769, 23301
2026/07/30 23:29:32.649, 769, 23301
2026/07/30 23:29:32.849, 769, 23301
2026/07/30 23:29:33.049, 769, 23301
2026/07/30 23:29:33.249, 769, 23301
2026/07/30 23:29:33.450, 769, 23301
2026/07/30 23:29:33.650, 769, 23301
2026/07/30 23:29:33.850, 769, 23301
2026/07/30 23:29:34.050, 769, 23301
2026/07/30 23:29:34.250, 769, 23301
2026/07/30 23:29:34.450, 769, 23301
2026/07/30 23:29:34.650, 769, 23301
2026/07/30 23:29:34.851, 769, 23301
2026/07/30 23:29:35.051, 769, 23301
2026/07/30 23:29:35.251, 769, 23301
2026/07/30 23:29:35.451, 769, 23301
2026/07/30 23:29:35.651, 769, 23301
2026/07/30 23:29:35.851, 769, 23301
2026/07/30 23:29:36.051, 769, 23301
2026/07/30 23:29:36.252, 769, 23301
2026/07/30 23:29:36.452, 769, 23301
2026/07/30 23:29:36.652, 769, 23301
2026/07/30 23:29:36.852, 769, 23301
2026/07/30 23:29:37.052, 769, 23301
2026/07/30 23:29:37.253, 769, 23301
2026/07/30 23:29:37.453, 769, 23301
2026/07/30 23:29:37.653, 769, 23301
2026/07/30 23:29:37.853, 2817, 21253
2026/07/30 23:29:38.053, 2817, 21253
2026/07/30 23:29:38.254, 2819, 21251
2026/07/30 23:29:38.454, 2819, 21251
2026/07/30 23:29:38.654, 2819, 21251
2026/07/30 23:29:38.854, 8963, 15107
2026/07/30 23:29:39.054, 8963, 15107
2026/07/30 23:29:39.254, 17155, 6915
2026/07/30 23:29:39.455, 17155, 6915
2026/07/30 23:29:39.655, 17155, 6915
2026/07/30 23:29:39.855, 17155, 6915
2026/07/30 23:29:40.055, 17159, 6911
2026/07/30 23:29:40.255, 17159, 6911
2026/07/30 23:29:40.455, 17159, 6911
2026/07/30 23:29:40.656, 17159, 6911
2026/07/30 23:29:40.856, 17159, 6911
2026/07/30 23:29:41.056, 17159, 6911
2026/07/30 23:29:41.256, 17159, 6911
2026/07/30 23:29:41.456, 17159, 6911
2026/07/30 23:29:41.657, 17159, 6911
2026/07/30 23:29:41.857, 17159, 6911
2026/07/30 23:29:42.057, 17159, 6911
2026/07/30 23:29:42.257, 17159, 6911
2026/07/30 23:29:42.457, 17159, 6911
2026/07/30 23:29:42.658, 17159, 6911
2026/07/30 23:29:42.858, 17159, 6911
2026/07/30 23:29:43.058, 17159, 6911
2026/07/30 23:29:43.258, 17159, 6911
2026/07/30 23:29:43.458, 17159, 6911
2026/07/30 23:29:43.658, 17159, 6911
2026/07/30 23:29:43.858, 17159, 6911
2026/07/30 23:29:44.059, 17159, 6911
2026/07/30 23:29:44.259, 17159, 6911
2026/07/30 23:29:44.459, 17159, 6911
2026/07/30 23:29:44.659, 17159, 6911
2026/07/30 23:29:44.859, 17159, 6911
2026/07/30 23:29:45.059, 17159, 6911
2026/07/30 23:29:45.259, 17159, 6911
2026/07/30 23:29:45.459, 17159, 6911
2026/07/30 23:29:45.660, 17159, 6911
2026/07/30 23:29:45.860, 17159, 6911
2026/07/30 23:29:46.060, 17159, 6911
2026/07/30 23:29:46.260, 17159, 6911
2026/07/30 23:29:46.460, 17159, 6911
2026/07/30 23:29:46.660, 17159, 6911
2026/07/30 23:29:46.861, 17159, 6911
2026/07/30 23:29:47.061, 17159, 6911
2026/07/30 23:29:47.261, 17159, 6911
2026/07/30 23:29:47.461, 17159, 6911
2026/07/30 23:29:47.661, 17159, 6911
2026/07/30 23:29:47.861, 17159, 6911
2026/07/30 23:29:48.062, 17159, 6911
2026/07/30 23:29:48.262, 17159, 6911
2026/07/30 23:29:48.462, 17159, 6911
2026/07/30 23:29:48.662, 17159, 6911
2026/07/30 23:29:48.862, 17159, 6911
2026/07/30 23:29:49.063, 17159, 6911
2026/07/30 23:29:49.263, 17159, 6911
2026/07/30 23:29:49.463, 17159, 6911
2026/07/30 23:29:49.663, 17159, 6911
2026/07/30 23:29:49.863, 17159, 6911
2026/07/30 23:29:50.063, 17159, 6911
2026/07/30 23:29:50.264, 17159, 6911
2026/07/30 23:29:50.464, 17159, 6911
2026/07/30 23:29:50.664, 17159, 6911
2026/07/30 23:29:50.864, 17159, 6911
2026/07/30 23:29:51.064, 17159, 6911
2026/07/30 23:29:51.264, 17159, 6911
2026/07/30 23:29:51.465, 17159, 6911
2026/07/30 23:29:51.665, 17159, 6911
2026/07/30 23:29:51.865, 17159, 6911
2026/07/30 23:29:52.065, 17159, 6911
2026/07/30 23:29:52.265, 17159, 6911
2026/07/30 23:29:52.465, 17159, 6911
2026/07/30 23:29:52.665, 17159, 6911
2026/07/30 23:29:52.865, 17159, 6911
2026/07/30 23:29:53.066, 17159, 6911
2026/07/30 23:29:53.266, 17159, 6911
2026/07/30 23:29:53.466, 17159, 6911
2026/07/30 23:29:53.666, 17159, 6911
2026/07/30 23:29:53.866, 17159, 6911
2026/07/30 23:29:54.066, 17159, 6911
2026/07/30 23:29:54.266, 17159, 6911
2026/07/30 23:29:54.466, 17159, 6911
2026/07/30 23:29:54.667, 17159, 6911
2026/07/30 23:29:54.867, 17159, 6911
2026/07/30 23:29:55.067, 17159, 6911
2026/07/30 23:29:55.267, 17159, 6911
2026/07/30 23:29:55.467, 17159, 6911
2026/07/30 23:29:55.667, 17159, 6911
2026/07/30 23:29:55.867, 17159, 6911
2026/07/30 23:29:56.068, 17159, 6911
2026/07/30 23:29:56.268, 17159, 6911
2026/07/30 23:29:56.468, 17159, 6911
2026/07/30 23:29:56.668, 17159, 6911
2026/07/30 23:29:56.868, 17159, 6911
2026/07/30 23:29:57.068, 17159, 6911
2026/07/30 23:29:57.268, 17159, 6911
2026/07/30 23:29:57.468, 17159, 6911
2026/07/30 23:29:57.668, 17159, 6911
2026/07/30 23:29:57.869, 17159, 6911
2026/07/30 23:29:58.069, 17159, 6911
2026/07/30 23:29:58.269, 17159, 6911
2026/07/30 23:29:58.469, 17159, 6911
2026/07/30 23:29:58.669, 17159, 6911
2026/07/30 23:29:58.869, 17159, 6911
2026/07/30 23:29:59.069, 17159, 6911
2026/07/30 23:29:59.269, 17159, 6911
2026/07/30 23:29:59.469, 17159, 6911
2026/07/30 23:29:59.670, 17159, 6911
2026/07/30 23:29:59.870, 17159, 6911
2026/07/30 23:30:00.070, 17159, 6911
2026/07/30 23:30:00.270, 17159, 6911
2026/07/30 23:30:00.470, 17159, 6911
2026/07/30 23:30:00.670, 17159, 6911
2026/07/30 23:30:00.870, 17159, 6911
2026/07/30 23:30:01.070, 17159, 6911
2026/07/30 23:30:01.270, 17159, 6911
2026/07/30 23:30:01.471, 17159, 6911
2026/07/30 23:30:01.671, 17159, 6911
2026/07/30 23:30:01.871, 17159, 6911
2026/07/30 23:30:02.071, 17159, 6911
2026/07/30 23:30:02.271, 17159, 6911
2026/07/30 23:30:02.471, 17159, 6911
2026/07/30 23:30:02.671, 17159, 6911
2026/07/30 23:30:02.872, 17159, 6911
2026/07/30 23:30:03.072, 17159, 6911
2026/07/30 23:30:03.272, 17159, 6911
2026/07/30 23:30:03.472, 17159, 6911
2026/07/30 23:30:03.672, 17159, 6911
2026/07/30 23:30:03.873, 17159, 6911
2026/07/30 23:30:04.073, 17159, 6911
2026/07/30 23:30:04.273, 17159, 6911
2026/07/30 23:30:04.473, 17159, 6911
2026/07/30 23:30:04.673, 17159, 6911
2026/07/30 23:30:04.873, 17159, 6911
2026/07/30 23:30:05.074, 17159, 6911
2026/07/30 23:30:05.274, 17159, 6911
2026/07/30 23:30:05.474, 17159, 6911
2026/07/30 23:30:05.674, 17159, 6911
2026/07/30 23:30:05.874, 17159, 6911
2026/07/30 23:30:06.074, 17159, 6911
2026/07/30 23:30:06.275, 17159, 6911
2026/07/30 23:30:06.475, 17159, 6911
2026/07/30 23:30:06.675, 17159, 6911
2026/07/30 23:30:06.875, 17159, 6911
2026/07/30 23:30:07.075, 17159, 6911
2026/07/30 23:30:07.275, 17159, 6911
2026/07/30 23:30:07.475, 17159, 6911
2026/07/30 23:30:07.675, 17159, 6911
2026/07/30 23:30:07.876, 17159, 6911
2026/07/30 23:30:08.076, 17159, 6911
2026/07/30 23:30:08.276, 17159, 6911
2026/07/30 23:30:08.476, 17159, 6911
2026/07/30 23:30:08.676, 17159, 6911
2026/07/30 23:30:08.877, 17159, 6911
2026/07/30 23:30:09.077, 17159, 6911
2026/07/30 23:30:09.277, 17159, 6911
2026/07/30 23:30:09.477, 17159, 6911
2026/07/30 23:30:09.677, 17159, 6911
2026/07/30 23:30:09.877, 17159, 6911
2026/07/30 23:30:10.078, 17159, 6911
2026/07/30 23:30:10.278, 17159, 6911
2026/07/30 23:30:10.478, 17159, 6911
2026/07/30 23:30:10.678, 17159, 6911
2026/07/30 23:30:10.878, 17159, 6911
2026/07/30 23:30:11.078, 17159, 6911
2026/07/30 23:30:11.278, 17159, 6911
2026/07/30 23:30:11.479, 17159, 6911
2026/07/30 23:30:11.679, 17159, 6911
2026/07/30 23:30:11.879, 17159, 6911
2026/07/30 23:30:12.079, 17159, 6911
2026/07/30 23:30:12.279, 17159, 6911
2026/07/30 23:30:12.480, 17159, 6911
2026/07/30 23:30:12.680, 17159, 6911
2026/07/30 23:30:12.880, 17159, 6911
2026/07/30 23:30:13.080, 17159, 6911
2026/07/30 23:30:13.280, 17159, 6911
2026/07/30 23:30:13.481, 17159, 6911
2026/07/30 23:30:13.681, 17159, 6911
2026/07/30 23:30:13.881, 17159, 6911
2026/07/30 23:30:14.081, 17159, 6911
2026/07/30 23:30:14.281, 17159, 6911
2026/07/30 23:30:14.482, 17159, 6911
2026/07/30 23:30:14.682, 17159, 6911
2026/07/30 23:30:14.882, 17159, 6911
2026/07/30 23:30:15.082, 17159, 6911
2026/07/30 23:30:15.282, 17159, 6911
2026/07/30 23:30:15.482, 17159, 6911
2026/07/30 23:30:15.683, 17159, 6911
2026/07/30 23:30:15.883, 17159, 6911
2026/07/30 23:30:16.083, 17159, 6911
2026/07/30 23:30:16.283, 17159, 6911
2026/07/30 23:30:16.483, 17159, 6911
2026/07/30 23:30:16.684, 17159, 6911
2026/07/30 23:30:16.884, 17159, 6911
2026/07/30 23:30:17.084, 17159, 6911
2026/07/30 23:30:17.284, 17159, 6911
2026/07/30 23:30:17.485, 17159, 6911
2026/07/30 23:30:17.685, 17159, 6911
2026/07/30 23:30:17.885, 17159, 6911
2026/07/30 23:30:18.085, 17159, 6911
2026/07/30 23:30:18.285, 17159, 6911
2026/07/30 23:30:18.486, 17159, 6911
2026/07/30 23:30:18.686, 17159, 6911
2026/07/30 23:30:18.886, 17159, 6911
2026/07/30 23:30:19.086, 17159, 6911
2026/07/30 23:30:19.286, 17159, 6911
2026/07/30 23:30:19.486, 17159, 6911
2026/07/30 23:30:19.687, 17159, 6911
2026/07/30 23:30:19.887, 17159, 6911
2026/07/30 23:30:20.087, 17159, 6911
2026/07/30 23:30:20.287, 17159, 6911
2026/07/30 23:30:20.487, 17159, 6911
2026/07/30 23:30:20.687, 17159, 6911
2026/07/30 23:30:20.888, 17159, 6911
2026/07/30 23:30:21.088, 17159, 6911
2026/07/30 23:30:21.288, 17159, 6911
2026/07/30 23:30:21.488, 17159, 6911
2026/07/30 23:30:21.688, 17159, 6911
2026/07/30 23:30:21.888, 17159, 6911
2026/07/30 23:30:22.088, 17159, 6911
2026/07/30 23:30:22.288, 17159, 6911
2026/07/30 23:30:22.489, 17159, 6911
2026/07/30 23:30:22.689, 17159, 6911
2026/07/30 23:30:22.889, 17159, 6911
2026/07/30 23:30:23.089, 17159, 6911
2026/07/30 23:30:23.289, 17159, 6911
2026/07/30 23:30:23.489, 17159, 6911
2026/07/30 23:30:23.690, 17159, 6911
2026/07/30 23:30:23.890, 17159, 6911
2026/07/30 23:30:24.090, 17159, 6911
2026/07/30 23:30:24.290, 17159, 6911
2026/07/30 23:30:24.490, 17159, 6911
2026/07/30 23:30:24.691, 17159, 6911
2026/07/30 23:30:24.891, 17159, 6911
2026/07/30 23:30:25.091, 17159, 6911
2026/07/30 23:30:25.291, 17159, 6911
2026/07/30 23:30:25.491, 17159, 6911
2026/07/30 23:30:25.691, 17159, 6911
2026/07/30 23:30:25.892, 17159, 6911
2026/07/30 23:30:26.092, 17159, 6911
2026/07/30 23:30:26.292, 17159, 6911
2026/07/30 23:30:26.492, 17159, 6911
2026/07/30 23:30:26.692, 17159, 6911
2026/07/30 23:30:26.892, 17159, 6911
2026/07/30 23:30:27.093, 17159, 6911
2026/07/30 23:30:27.293, 17159, 6911
2026/07/30 23:30:27.493, 17159, 6911
2026/07/30 23:30:27.693, 17159, 6911
2026/07/30 23:30:27.893, 17159, 6911
2026/07/30 23:30:28.094, 17159, 6911
2026/07/30 23:30:28.294, 17159, 6911
2026/07/30 23:30:28.494, 17159, 6911
2026/07/30 23:30:28.694, 17159, 6911
2026/07/30 23:30:28.894, 17159, 6911
2026/07/30 23:30:29.094, 17159, 6911
2026/07/30 23:30:29.295, 17159, 6911
2026/07/30 23:30:29.495, 17159, 6911
2026/07/30 23:30:29.695, 17159, 6911
2026/07/30 23:30:29.895, 17159, 6911
2026/07/30 23:30:30.095, 17159, 6911
2026/07/30 23:30:30.295, 17159, 6911
2026/07/30 23:30:30.495, 17159, 6911
2026/07/30 23:30:30.695, 17159, 6911
2026/07/30 23:30:30.896, 17159, 6911
2026/07/30 23:30:31.096, 17159, 6911
2026/07/30 23:30:31.296, 17159, 6911
2026/07/30 23:30:31.496, 17159, 6911
2026/07/30 23:30:31.696, 17159, 6911
2026/07/30 23:30:31.897, 17159, 6911
2026/07/30 23:30:32.097, 17159, 6911
2026/07/30 23:30:32.297, 17159, 6911
2026/07/30 23:30:32.497, 17159, 6911
2026/07/30 23:30:32.697, 17159, 6911
2026/07/30 23:30:32.897, 17159, 6911
2026/07/30 23:30:33.097, 17159, 6911
2026/07/30 23:30:33.298, 17159, 6911
2026/07/30 23:30:33.498, 17159, 6911
2026/07/30 23:30:33.698, 17159, 6911
2026/07/30 23:30:33.898, 17159, 6911
2026/07/30 23:30:34.098, 17159, 6911
2026/07/30 23:30:34.298, 17159, 6911
2026/07/30 23:30:34.499, 17159, 6911
2026/07/30 23:30:34.699, 17159, 6911
2026/07/30 23:30:34.899, 17159, 6911
2026/07/30 23:30:35.099, 17159, 6911
2026/07/30 23:30:35.299, 17159, 6911
2026/07/30 23:30:35.500, 17159, 6911
2026/07/30 23:30:35.700, 17159, 6911
2026/07/30 23:30:35.900, 17159, 6911
2026/07/30 23:30:36.100, 17159, 6911
2026/07/30 23:30:36.300, 17159, 6911
2026/07/30 23:30:36.500, 17159, 6911
2026/07/30 23:30:36.701, 17159, 6911
2026/07/30 23:30:36.901, 17159, 6911
2026/07/30 23:30:37.101, 17159, 6911
2026/07/30 23:30:37.301, 17159, 6911
2026/07/30 23:30:37.501, 17159, 6911
2026/07/30 23:30:37.701, 17159, 6911
2026/07/30 23:30:37.902, 17159, 6911
2026/07/30 23:30:38.102, 17159, 6911
2026/07/30 23:30:38.302, 17159, 6911
2026/07/30 23:30:38.502, 17159, 6911
2026/07/30 23:30:38.702, 17159, 6911
2026/07/30 23:30:38.902, 17159, 6911
2026/07/30 23:30:39.103, 17159, 6911
2026/07/30 23:30:39.303, 17159, 6911
2026/07/30 23:30:39.503, 17159, 6911
2026/07/30 23:30:39.703, 17159, 6911
2026/07/30 23:30:39.903, 17159, 6911
2026/07/30 23:30:40.103, 17159, 6911
2026/07/30 23:30:40.303, 17159, 6911
2026/07/30 23:30:40.503, 17159, 6911
2026/07/30 23:30:40.704, 17159, 6911
2026/07/30 23:30:40.904, 17159, 6911
2026/07/30 23:30:41.104, 17159, 6911
2026/07/30 23:30:41.304, 17159, 6911
2026/07/30 23:30:41.504, 17159, 6911
2026/07/30 23:30:41.704, 17159, 6911
2026/07/30 23:30:41.904, 17159, 6911
2026/07/30 23:30:42.104, 17159, 6911
2026/07/30 23:30:42.304, 17159, 6911
2026/07/30 23:30:42.505, 17159, 6911
2026/07/30 23:30:42.705, 17159, 6911
2026/07/30 23:30:42.905, 17159, 6911
2026/07/30 23:30:43.105, 17159, 6911
2026/07/30 23:30:43.305, 17159, 6911
2026/07/30 23:30:43.505, 17159, 6911
2026/07/30 23:30:43.706, 17159, 6911
2026/07/30 23:30:43.906, 17159, 6911
2026/07/30 23:30:44.106, 17159, 6911
2026/07/30 23:30:44.306, 17159, 6911
2026/07/30 23:30:44.506, 17159, 6911
2026/07/30 23:30:44.706, 17159, 6911
2026/07/30 23:30:44.906, 17159, 6911
2026/07/30 23:30:45.106, 17159, 6911
2026/07/30 23:30:45.306, 17159, 6911
2026/07/30 23:30:45.507, 17159, 6911
2026/07/30 23:30:45.707, 17159, 6911
2026/07/30 23:30:45.907, 17159, 6911
2026/07/30 23:30:46.107, 17159, 6911
2026/07/30 23:30:46.307, 17159, 6911
2026/07/30 23:30:46.507, 17159, 6911
2026/07/30 23:30:46.707, 17159, 6911
2026/07/30 23:30:46.908, 17159, 6911
2026/07/30 23:30:47.108, 17159, 6911
2026/07/30 23:30:47.308, 17159, 6911
2026/07/30 23:30:47.508, 17159, 6911
2026/07/30 23:30:47.708, 17159, 6911
2026/07/30 23:30:47.908, 17159, 6911
2026/07/30 23:30:48.108, 17159, 6911
2026/07/30 23:30:48.309, 17159, 6911
2026/07/30 23:30:48.509, 17159, 6911
2026/07/30 23:30:48.709, 17159, 6911
2026/07/30 23:30:48.909, 17159, 6911
2026/07/30 23:30:49.109, 17159, 6911
2026/07/30 23:30:49.309, 17159, 6911
2026/07/30 23:30:49.509, 17159, 6911
2026/07/30 23:30:49.710, 17159, 6911
2026/07/30 23:30:49.910, 17159, 6911
2026/07/30 23:30:50.110, 17159, 6911
2026/07/30 23:30:50.310, 17159, 6911
2026/07/30 23:30:50.510, 17159, 6911
2026/07/30 23:30:50.710, 17159, 6911
2026/07/30 23:30:50.911, 17159, 6911
2026/07/30 23:30:51.111, 17159, 6911
2026/07/30 23:30:51.311, 17159, 6911
2026/07/30 23:30:51.511, 17159, 6911
2026/07/30 23:30:51.711, 17159, 6911
2026/07/30 23:30:51.911, 17159, 6911
2026/07/30 23:30:52.111, 17159, 6911
2026/07/30 23:30:52.312, 17159, 6911
2026/07/30 23:30:52.512, 17159, 6911
2026/07/30 23:30:52.712, 17159, 6911
2026/07/30 23:30:52.912, 17159, 6911
2026/07/30 23:30:53.112, 17159, 6911
2026/07/30 23:30:53.313, 17159, 6911
2026/07/30 23:30:53.513, 17159, 6911
2026/07/30 23:30:53.713, 17159, 6911
2026/07/30 23:30:53.913, 17159, 6911
2026/07/30 23:30:54.113, 17159, 6911
2026/07/30 23:30:54.313, 17159, 6911
2026/07/30 23:30:54.513, 17159, 6911
2026/07/30 23:30:54.714, 17159, 6911
2026/07/30 23:30:54.914, 17159, 6911
2026/07/30 23:30:55.114, 17159, 6911
2026/07/30 23:30:55.314, 17159, 6911
2026/07/30 23:30:55.514, 17159, 6911
2026/07/30 23:30:55.714, 17159, 6911
2026/07/30 23:30:55.914, 17159, 6911
2026/07/30 23:30:56.114, 17159, 6911
2026/07/30 23:30:56.315, 17159, 6911
2026/07/30 23:30:56.515, 17159, 6911
2026/07/30 23:30:56.715, 17159, 6911
2026/07/30 23:30:56.915, 17159, 6911
2026/07/30 23:30:57.115, 17159, 6911
2026/07/30 23:30:57.315, 17159, 6911
2026/07/30 23:30:57.515, 17159, 6911
2026/07/30 23:30:57.715, 17159, 6911
2026/07/30 23:30:57.915, 17159, 6911
2026/07/30 23:30:58.116, 17159, 6911
2026/07/30 23:30:58.316, 17159, 6911
2026/07/30 23:30:58.516, 17159, 6911
2026/07/30 23:30:58.716, 17159, 6911
2026/07/30 23:30:58.916, 17159, 6911
2026/07/30 23:30:59.116, 17159, 6911
2026/07/30 23:30:59.317, 17159, 6911
2026/07/30 23:30:59.517, 17159, 6911
2026/07/30 23:30:59.717, 17159, 6911
2026/07/30 23:30:59.917, 17159, 6911
2026/07/30 23:31:00.117, 17159, 6911
2026/07/30 23:31:00.317, 17159, 6911
2026/07/30 23:31:00.517, 17159, 6911
2026/07/30 23:31:00.717, 17159, 6911
2026/07/30 23:31:00.918, 17159, 6911
2026/07/30 23:31:01.118, 17159, 6911
2026/07/30 23:31:01.318, 17159, 6911
2026/07/30 23:31:01.518, 17159, 6911
2026/07/30 23:31:01.718, 17159, 6911
2026/07/30 23:31:01.921, 17159, 6911
2026/07/30 23:31:02.121, 17159, 6911
2026/07/30 23:31:02.321, 17159, 6911
2026/07/30 23:31:02.521, 17159, 6911
2026/07/30 23:31:02.721, 17159, 6911
2026/07/30 23:31:02.922, 17159, 6911
2026/07/30 23:31:03.122, 17159, 6911
2026/07/30 23:31:03.322, 17159, 6911
2026/07/30 23:31:03.522, 17159, 6911
2026/07/30 23:31:03.722, 17159, 6911
2026/07/30 23:31:03.922, 17159, 6911
2026/07/30 23:31:04.122, 17159, 6911
2026/07/30 23:31:04.322, 17159, 6911
2026/07/30 23:31:04.523, 17159, 6911
2026/07/30 23:31:04.723, 17159, 6911
2026/07/30 23:31:04.923, 17159, 6911
2026/07/30 23:31:05.123, 17159, 6911
2026/07/30 23:31:05.323, 17159, 6911
2026/07/30 23:31:05.523, 17159, 6911
2026/07/30 23:31:05.724, 17159, 6911
2026/07/30 23:31:05.924, 17159, 6911
2026/07/30 23:31:06.124, 17159, 6911
2026/07/30 23:31:06.324, 17159, 6911
2026/07/30 23:31:06.524, 17159, 6911
2026/07/30 23:31:06.724, 17159, 6911
2026/07/30 23:31:06.924, 17159, 6911
2026/07/30 23:31:07.124, 17159, 6911
2026/07/30 23:31:07.325, 17159, 6911
2026/07/30 23:31:07.525, 17159, 6911
2026/07/30 23:31:07.725, 17159, 6911
2026/07/30 23:31:07.925, 17159, 6911
2026/07/30 23:31:08.125, 17159, 6911
2026/07/30 23:31:08.325, 17159, 6911
2026/07/30 23:31:08.525, 17159, 6911
2026/07/30 23:31:08.726, 17159, 6911
2026/07/30 23:31:08.926, 17159, 6911
2026/07/30 23:31:09.126, 17159, 6911
2026/07/30 23:31:09.326, 17159, 6911
2026/07/30 23:31:09.526, 17159, 6911
2026/07/30 23:31:09.726, 17159, 6911
2026/07/30 23:31:09.927, 17159, 6911
2026/07/30 23:31:10.127, 17159, 6911
2026/07/30 23:31:10.327, 17159, 6911
2026/07/30 23:31:10.527, 17159, 6911
2026/07/30 23:31:10.727, 17159, 6911
2026/07/30 23:31:10.927, 17159, 6911
2026/07/30 23:31:11.128, 17159, 6911
2026/07/30 23:31:11.328, 17159, 6911
2026/07/30 23:31:11.528, 17159, 6911
2026/07/30 23:31:11.728, 17159, 6911
2026/07/30 23:31:11.928, 17159, 6911
2026/07/30 23:31:12.129, 17159, 6911
2026/07/30 23:31:12.329, 17159, 6911
2026/07/30 23:31:12.529, 17159, 6911
2026/07/30 23:31:12.729, 17159, 6911
2026/07/30 23:31:12.929, 17159, 6911
2026/07/30 23:31:13.130, 17159, 6911
2026/07/30 23:31:13.330, 17159, 6911
2026/07/30 23:31:13.530, 17159, 6911
2026/07/30 23:31:13.730, 17159, 6911
2026/07/30 23:31:13.930, 17159, 6911
2026/07/30 23:31:14.130, 17159, 6911
2026/07/30 23:31:14.331, 17159, 6911
2026/07/30 23:31:14.531, 17159, 6911
2026/07/30 23:31:14.731, 17159, 6911
2026/07/30 23:31:14.931, 17159, 6911
2026/07/30 23:31:15.131, 17159, 6911
2026/07/30 23:31:15.331, 17159, 6911
2026/07/30 23:31:15.532, 17159, 6911
2026/07/30 23:31:15.732, 17159, 6911
2026/07/30 23:31:15.932, 17159, 6911
2026/07/30 23:31:16.132, 17159, 6911
2026/07/30 23:31:16.332, 17159, 6911
2026/07/30 23:31:16.532, 17159, 6911
2026/07/30 23:31:16.733, 17159, 6911
2026/07/30 23:31:16.933, 17159, 6911
2026/07/30 23:31:17.133, 17159, 6911
2026/07/30 23:31:17.333, 17159, 6911
2026/07/30 23:31:17.533, 17159, 6911
2026/07/30 23:31:17.734, 17159, 6911
2026/07/30 23:31:17.934, 17159, 6911
2026/07/30 23:31:18.134, 17159, 6911
2026/07/30 23:31:18.334, 17159, 6911
2026/07/30 23:31:18.534, 17159, 6911
2026/07/30 23:31:18.735, 17159, 6911
2026/07/30 23:31:18.935, 17159, 6911
2026/07/30 23:31:19.135, 17159, 6911
2026/07/30 23:31:19.335, 17159, 6911
2026/07/30 23:31:19.536, 17159, 6911
2026/07/30 23:31:19.736, 17159, 6911
2026/07/30 23:31:19.936, 17159, 6911
2026/07/30 23:31:20.136, 17159, 6911
2026/07/30 23:31:20.336, 17159, 6911
2026/07/30 23:31:20.536, 17159, 6911
2026/07/30 23:31:20.736, 17159, 6911
2026/07/30 23:31:20.937, 17159, 6911
2026/07/30 23:31:21.137, 17159, 6911
2026/07/30 23:31:21.337, 17159, 6911
2026/07/30 23:31:21.537, 17159, 6911
2026/07/30 23:31:21.738, 17159, 6911
2026/07/30 23:31:21.938, 17159, 6911
2026/07/30 23:31:22.138, 17159, 6911
2026/07/30 23:31:22.338, 17159, 6911
2026/07/30 23:31:22.538, 17159, 6911
2026/07/30 23:31:22.738, 17159, 6911
2026/07/30 23:31:22.939, 17159, 6911
2026/07/30 23:31:23.139, 17159, 6911
2026/07/30 23:31:23.339, 17159, 6911
2026/07/30 23:31:23.539, 17159, 6911
2026/07/30 23:31:23.739, 17159, 6911
2026/07/30 23:31:23.939, 17159, 6911
2026/07/30 23:31:24.139, 17159, 6911
2026/07/30 23:31:24.340, 17159, 6911
2026/07/30 23:31:24.540, 17159, 6911
2026/07/30 23:31:24.740, 17159, 6911
2026/07/30 23:31:24.940, 17159, 6911
2026/07/30 23:31:25.140, 17159, 6911
2026/07/30 23:31:25.340, 17159, 6911
2026/07/30 23:31:25.540, 21719, 2351
2026/07/30 23:31:25.740, 21737, 2333
2026/07/30 23:31:25.940, 21737, 2333
2026/07/30 23:31:26.140, 21737, 2333
2026/07/30 23:31:26.341, 21737, 2333
2026/07/30 23:31:26.541, 21737, 2333
2026/07/30 23:31:26.741, 21737, 2333
2026/07/30 23:31:26.941, 21737, 2333
2026/07/30 23:31:27.141, 21737, 2333
2026/07/30 23:31:27.341, 21737, 2333
2026/07/30 23:31:27.541, 21737, 2333
2026/07/30 23:31:27.741, 21737, 2333
2026/07/30 23:31:27.941, 21737, 2333
2026/07/30 23:31:28.142, 21737, 2333
2026/07/30 23:31:28.342, 21737, 2333
2026/07/30 23:31:28.542, 21737, 2333
2026/07/30 23:31:28.742, 21737, 2333
2026/07/30 23:31:28.942, 21737, 2333
2026/07/30 23:31:29.142, 21737, 2333
2026/07/30 23:31:29.342, 21765, 2305
2026/07/30 23:31:29.542, 21765, 2305
2026/07/30 23:31:29.742, 21765, 2305
2026/07/30 23:31:29.943, 21765, 2305
2026/07/30 23:31:30.143, 21765, 2305
2026/07/30 23:31:30.343, 21765, 2305
2026/07/30 23:31:30.543, 21765, 2305
2026/07/30 23:31:30.743, 21765, 2305
2026/07/30 23:31:30.943, 21765, 2305
2026/07/30 23:31:31.144, 21765, 2305
2026/07/30 23:31:31.344, 21765, 2305
2026/07/30 23:31:31.544, 21765, 2305
2026/07/30 23:31:31.744, 21765, 2305
2026/07/30 23:31:31.944, 21765, 2305
2026/07/30 23:31:32.144, 21765, 2305
2026/07/30 23:31:32.345, 21765, 2305
2026/07/30 23:31:32.545, 21765, 2305
2026/07/30 23:31:32.745, 21765, 2305
2026/07/30 23:31:32.945, 21765, 2305
2026/07/30 23:31:33.145, 21765, 2305
2026/07/30 23:31:33.345, 21765, 2305
2026/07/30 23:31:33.545, 21765, 2305
2026/07/30 23:31:33.746, 21765, 2305
2026/07/30 23:31:33.946, 21765, 2305
2026/07/30 23:31:34.146, 21765, 2305
2026/07/30 23:31:34.346, 21765, 2305
2026/07/30 23:31:34.546, 21765, 2305
2026/07/30 23:31:34.747, 21765, 2305
2026/07/30 23:31:34.947, 21765, 2305
2026/07/30 23:31:35.147, 21765, 2305
2026/07/30 23:31:35.347, 21765, 2305
2026/07/30 23:31:35.548, 21765, 2305
2026/07/30 23:31:35.748, 21765, 2305
2026/07/30 23:31:35.948, 21765, 2305
2026/07/30 23:31:36.148, 21765, 2305
2026/07/30 23:31:36.348, 21765, 2305
2026/07/30 23:31:36.549, 21765, 2305
2026/07/30 23:31:36.749, 21765, 2305
2026/07/30 23:31:36.949, 21765, 2305
2026/07/30 23:31:37.149, 21765, 2305
2026/07/30 23:31:37.350, 21765, 2305
2026/07/30 23:31:37.550, 21765, 2305
2026/07/30 23:31:37.750, 21765, 2305
2026/07/30 23:31:37.950, 21765, 2305
2026/07/30 23:31:38.150, 21765, 2305
2026/07/30 23:31:38.351, 21765, 2305
2026/07/30 23:31:38.551, 21765, 2305
2026/07/30 23:31:38.751, 21765, 2305
2026/07/30 23:31:38.951, 21765, 2305
2026/07/30 23:31:39.152, 21765, 2305
2026/07/30 23:31:39.352, 21765, 2305
2026/07/30 23:31:39.552, 21765, 2305
2026/07/30 23:31:39.752, 21765, 2305
2026/07/30 23:31:39.952, 21765, 2305
2026/07/30 23:31:40.152, 21765, 2305
2026/07/30 23:31:40.353, 21765, 2305
2026/07/30 23:31:40.553, 21765, 2305
2026/07/30 23:31:40.753, 21765, 2305
2026/07/30 23:31:40.953, 21765, 2305
2026/07/30 23:31:41.154, 21765, 2305
2026/07/30 23:31:41.354, 21765, 2305
2026/07/30 23:31:41.554, 21765, 2305
2026/07/30 23:31:41.755, 21765, 2305
2026/07/30 23:31:41.955, 21765, 2305
2026/07/30 23:31:42.155, 21765, 2305
2026/07/30 23:31:42.355, 21765, 2305
2026/07/30 23:31:42.555, 21765, 2305
2026/07/30 23:31:42.756, 21765, 2305
2026/07/30 23:31:42.956, 21765, 2305
2026/07/30 23:31:43.156, 21765, 2305
2026/07/30 23:31:43.356, 21765, 2305
2026/07/30 23:31:43.557, 21765, 2305
2026/07/30 23:31:43.757, 21765, 2305
2026/07/30 23:31:43.957, 21765, 2305
2026/07/30 23:31:44.157, 21765, 2305
2026/07/30 23:31:44.358, 21765, 2305
2026/07/30 23:31:44.558, 21765, 2305
2026/07/30 23:31:44.758, 21765, 2305
2026/07/30 23:31:44.958, 21765, 2305
2026/07/30 23:31:45.159, 21765, 2305
2026/07/30 23:31:45.359, 21765, 2305
2026/07/30 23:31:45.559, 21765, 2305
2026/07/30 23:31:45.760, 21765, 2305
2026/07/30 23:31:45.960, 21765, 2305
2026/07/30 23:31:46.160, 21765, 2305
2026/07/30 23:31:46.360, 21765, 2305
2026/07/30 23:31:46.560, 21765, 2305
2026/07/30 23:31:46.761, 21765, 2305
2026/07/30 23:31:46.961, 21765, 2305
2026/07/30 23:31:47.161, 21765, 2305
2026/07/30 23:31:47.361, 21765, 2305
2026/07/30 23:31:47.562, 21765, 2305
2026/07/30 23:31:47.762, 21765, 2305
2026/07/30 23:31:47.962, 21765, 2305
2026/07/30 23:31:48.162, 21765, 2305
2026/07/30 23:31:48.363, 21765, 2305
2026/07/30 23:31:48.563, 21765, 2305
2026/07/30 23:31:48.763, 21765, 2305
2026/07/30 23:31:48.963, 21765, 2305
2026/07/30 23:31:49.163, 21765, 2305
2026/07/30 23:31:49.364, 21765, 2305
2026/07/30 23:31:49.564, 21765, 2305
2026/07/30 23:31:49.764, 21765, 2305
2026/07/30 23:31:49.964, 21765, 2305
2026/07/30 23:31:50.164, 21765, 2305
2026/07/30 23:31:50.365, 21765, 2305
2026/07/30 23:31:50.565, 21765, 2305
2026/07/30 23:31:50.765, 21765, 2305
2026/07/30 23:31:50.965, 21765, 2305
2026/07/30 23:31:51.166, 21765, 2305
2026/07/30 23:31:51.366, 21765, 2305
2026/07/30 23:31:51.566, 21765, 2305
2026/07/30 23:31:51.766, 21765, 2305
2026/07/30 23:31:51.966, 21765, 2305
2026/07/30 23:31:52.167, 21765, 2305
2026/07/30 23:31:52.367, 21765, 2305
2026/07/30 23:31:52.567, 21765, 2305
2026/07/30 23:31:52.767, 21765, 2305
2026/07/30 23:31:52.968, 21765, 2305
2026/07/30 23:31:53.168, 21765, 2305
2026/07/30 23:31:53.368, 21765, 2305
2026/07/30 23:31:53.568, 21765, 2305
2026/07/30 23:31:53.768, 21765, 2305
2026/07/30 23:31:53.969, 21765, 2305
2026/07/30 23:31:54.169, 21765, 2305
2026/07/30 23:31:54.369, 21765, 2305
2026/07/30 23:31:54.569, 21765, 2305
2026/07/30 23:31:54.770, 21765, 2305
2026/07/30 23:31:54.970, 21765, 2305
2026/07/30 23:31:55.170, 21765, 2305
2026/07/30 23:31:55.370, 21765, 2305
2026/07/30 23:31:55.570, 21765, 2305
2026/07/30 23:31:55.771, 21765, 2305
2026/07/30 23:31:55.971, 21765, 2305
2026/07/30 23:31:56.171, 21765, 2305
